[
  {
    "name": "property",
    "fields": [
      {
        "name": "title",
        "type": "text",
        "description": "Property title",
        "options": null
      },
      {
        "name": "type",
        "type": "text",
        "description": "Property type (residential or commercial)",
        "options": [
          "residential",
          "commercial"
        ]
      },
      {
        "name": "price",
        "type": "text",
        "description": "Property price",
        "options": null
      },
      {
        "name": "area",
        "type": "text",
        "description": "Property area in square meters",
        "options": null
      },
      {
        "name": "description",
        "type": "text",
        "description": "Property description",
        "options": null
      },
      {
        "name": "status",
        "type": "text",
        "description": "Property status",
        "options": [
          "available",
          "sold"
        ]
      },
      {
        "name": "region",
        "type": "text",
        "description": "Region name",
        "options": null
      },
      {
        "name": "images",
        "type": "array",
        "description": "Property images URLs",
        "options": null
      },
      {
        "name": "videos",
        "type": "array",
        "description": "Property videos URLs",
        "options": null
      },
      {
        "name": "bedrooms",
        "type": "text",
        "description": "Number of bedrooms",
        "options": null
      },
      {
        "name": "bathrooms",
        "type": "text",
        "description": "Number of bathrooms",
        "options": null
      },
      {
        "name": "floors",
        "type": "text",
        "description": "Number of floors",
        "options": null
      },
      {
        "name": "parking",
        "type": "text",
        "description": "Parking information",
        "options": null
      },
      {
        "name": "furnished",
        "type": "text",
        "description": "Furnished status",
        "options": [
          "\u0645\u0641\u0631\u0648\u0634",
          "\u0646\u0635\u0641 \u0645\u0641\u0631\u0648\u0634",
          "\u063a\u064a\u0631 \u0645\u0641\u0631\u0648\u0634"
        ]
      }
    ]
  },
  {
    "name": "region",
    "fields": [
      {
        "name": "name",
        "type": "text",
        "description": "Region name",
        "options": null
      },
      {
        "name": "mapImage",
        "type": "text",
        "description": "Map image URL",
        "options": null
      }
    ]
  },
  {
    "name": "settings",
    "fields": [
      {
        "name": "companyEmail",
        "type": "text",
        "description": "Company email address",
        "options": null
      },
      {
        "name": "whatsappNumber",
        "type": "text",
        "description": "WhatsApp contact number",
        "options": null
      },
      {
        "name": "facebookUrl",
        "type": "text",
        "description": "Facebook page URL",
        "options": null
      },
      {
        "name": "instagramUrl",
        "type": "text",
        "description": "Instagram page URL",
        "options": null
      },
      {
        "name": "heroImageUrl",
        "type": "text",
        "description": "Hero section background image URL",
        "options": null
      }
    ]
  },
  {
    "name": "message",
    "fields": [
      {
        "name": "name",
        "type": "text",
        "description": "Sender name",
        "options": null
      },
      {
        "name": "email",
        "type": "text",
        "description": "Sender email",
        "options": null
      },
      {
        "name": "phone",
        "type": "text",
        "description": "Sender phone number",
        "options": null
      },
      {
        "name": "message",
        "type": "text",
        "description": "Message content",
        "options": null
      },
      {
        "name": "read",
        "type": "bool",
        "description": "Message read status",
        "options": null
      }
    ]
  }
]